<?xml version="1.0" encoding="UTF-8"?>
<project-private xmlns="http://www.netbeans.org/ns/project-private/1">
    <editor-bookmarks xmlns="http://www.netbeans.org/ns/editor-bookmarks/2" lastBookmarkId="0"/>
    <open-files xmlns="http://www.netbeans.org/ns/projectui-open-files/2">
        <group>
            <file>file:/C:/Users/shill/OneDrive/Documents/NetBeansProjects/FinalProject-sms/FinalProject-sms/src/finalproject/sms/BoardDrawingSurface.java</file>
            <file>file:/C:/Users/shill/OneDrive/Documents/NetBeansProjects/FinalProject-sms/FinalProject-sms/src/finalproject/sms/Tutorial.java</file>
            <file>file:/C:/Users/shill/OneDrive/Documents/NetBeansProjects/FinalProject-sms/FinalProject-sms/src/finalproject/sms/Board.java</file>
            <file>file:/C:/Users/shill/OneDrive/Documents/NetBeansProjects/FinalProject-sms/FinalProject-sms/src/finalproject/sms/Player.java</file>
        </group>
    </open-files>
</project-private>
